name,price,sample,valuable,bench,bench_low,bench_high
Hitachi HDS724040ALE640 4TB,465,6200,12.1,70.6,48,91
WD Red 10TB (2017),419,1700,42.6,89.2,59,114
HGST Deskstar NAS 6TB,360,974,31.6,94.9,57,120
WD Black 5TB (2015),349,7200,24.3,84.9,58,107
WD Red Pro 6TB (2015),312,995,38.3,99.8,64,122
WD Gold 10TB (2016),289,1100,74.3,107,72,133
WD Gold 8TB (128MB Cache 2016),271,288,55.9,94.8,65,115
WD Black 4TB (2012),270,4100,22,74.1,49,93
WD Gold 12TB (2017),270,1200,100,113,72,138
WD Red 8TB (2017),255,4500,53.7,85.5,56,110
Seagate ST32000645NS 2TB,252,1000,11.4,71.8,49,88
Seagate SkyHawk 10TB (2016),244,85,56.9,69.6,34,109
WD Purple Surveillance 8TB (2017),239,256,54.6,81.5,48,100
WD Black 6TB (2015),238,5400,46.1,91.6,61,118
WD Red Pro 4TB (2014),231,679,29.1,84.1,59,101
WD Black 6TB (2016),230,6400,51,97.8,64,121
HGST Ultrastar He8 Helium 8TB,224,1000,65.2,91.3,60,113
WD Gold 8TB (256MB Cache 2017),220,695,73.1,100,64,124
WD Red Pro 2TB (2014),219,716,13.5,73.9,51,93
WD Green 6TB (2014),210,4200,42.8,75.1,49,98
Seagate IronWolf 10TB (2016),189,347,79.3,74.9,34,113
Seagate Barracuda Pro 10TB (2016),188,396,85.4,80.2,47,111
WD Black 4TB (2013),180,20000,35.3,79.5,58,98
Seagate Barracuda Desktop 5TB,180,3800,34.1,61.3,34,90
WD Gold 6TB (2016),178,2000,68,101,69,121
Seagate SkyHawk 8TB (2016),170,104,64.3,68.5,41,102
WD Green 5TB (2014),170,1800,45.3,76.9,49,97
Seagate ST3640323AS 640GB,169,2700,3.95,52.2,34,66
Toshiba MD04ACA500 5TB,169,3800,50.6,85.4,57,110
Seagate ST3400832A 400GB,162,142,1.39,28.1,9,38
WD Red 8TB (2016),160,4200,76.9,76.9,51,97
WD Black 750GB (2008),160,11000,4.76,50.7,32,65
Toshiba MQ01ACF050 500GB,150,24000,3.49,52.4,23,69
WD Blue 500GB (2007),150,10000,2.54,38.1,22,51
WD Blue 750GB (2008),150,4600,4.18,41.8,29,52
WD Green 1.5TB (2009),150,16000,8.56,42.8,26,55
Seagate SkyHawk 6TB (2016),149,139,55.6,69,10,108
Toshiba MD04ACA400 4TB,149,10000,43.9,81.8,55,104
Seagate Barracuda 4TB (2016),146,34000,45.2,82.4,52,105
WD WD4000YR-01PLB0 400GB,145,232,1.55,28.1,18,35
WD Purple Surveillance 6TB (2017),143,1700,67.7,80.7,53,99
Seagate ST32000641AS 2TB,142,8500,16.7,59.4,38,73
Toshiba X300 4TB,136,23000,49.6,84,57,104
Toshiba MD04ACA300 3TB,130,151,37.2,80.5,54,101
WD Green 1TB (2011),130,43000,7.93,51.4,28,69
WD Red 2.5" 1TB (2013),126,1900,7.7,48.4,30,62
WD Red 6TB (2019),125,374,64.2,66.9,20,97
WD Red 6TB (2014),125,11000,74.1,77.2,49,99
Hitachi HDS5C3030ALA630 3TB,124,3100,24.7,51,29,66
HGST Deskstar NAS 4TB,122,7900,48,73,47,92
Maxtor 6Y160M0 164GB,122,776,0.68,25.1,15,32
Maxtor 6Y160M0 160GB,122,432,0.69,26.3,18,33
WD Gold 4TB (2016),120,4800,60.8,91.1,61,111
Seagate ST3250620NS 250GB,120,1500,1.43,34.3,17,44
WD VelociRaptor 2.5" 500GB,120,435,7.78,93.2,66,113
Seagate Barracuda 3TB (2016),118,112000,46.8,92.1,60,114
Seagate Archive HDD 8TB (2015),110,2200,91,62.5,21,87
Seagate Video SV35.6 Series 2TB,110,12000,32.4,89,56,113
Toshiba P300 3TB,109,74000,47.7,86.6,56,108
Toshiba HDWD105 500GB,105,9400,7.43,78,44,104
Seagate Desktop HDD 6TB (2015),101,691,107,90.3,55,117
Samsung Spinpoint F1 1TB,100,65000,9.49,47.4,31,62
WD Gold 2TB (2016),100,5500,35.1,87.8,63,108
Seagate NAS HDD 2TB,100,3900,30.4,75.9,42,100
WD Blue SSHD 1TB (2015),99,867,8.52,42.2,20,60
WD Black 2TB (2010),97,47000,27.6,67,44,85
Seagate SkyHawk 4TB (2016),95,7900,73.5,87.2,53,107
WD Red 2TB (2012),95,64000,28,66.4,45,86
Seagate SkyHawk 3TB (2016),92,2000,54.3,82.9,53,104
Maxtor 7L250S0 250GB,91,574,1.58,28.6,18,36
Maxtor 7L250S0 251GB,91,346,1.57,28.4,19,35
Seagate IronWolf 2TB (2016),90,8200,36,81,51,100
WD Se 4TB,90,2500,71.5,80.5,49,100
WD Purple Surveillance 3TB (2017),90,3000,51.3,76.9,45,110
Hitachi Deskstar 7K1000.C 1TB,90,97000,12.6,56.7,30,74
Seagate Desktop SSHD 1TB,90,105000,18.5,83.2,48,112
Seagate Barracuda Green 2TB,90,81000,26.2,58.9,38,75
WD VelociRaptor 300GB,89,11000,3.81,56.8,39,69
Seagate FireCuda 2.5" 500GB,89,2800,4.68,41.6,15,67
Seagate ST3750330NS 750GB,89,1000,8,47.4,26,60
Hitachi HTS725025A9A364 250GB,86,2600,2.34,40.1,14,59
Seagate ST3500410SV 500GB,85,2400,6.49,55.4,28,72
WD Blue 2.5" 500GB (2012),85,15000,5.19,44.1,23,63
WD Red 4TB (2013),85,55000,70.5,74.9,46,100
WD Blue 4TB (2015),85,124000,75.5,80.2,49,101
Seagate IronWolf 4TB (2016),85,26000,84.3,89.6,62,108
Hitachi HDE721010SLA330 1TB,84,9200,11.8,49.5,33,63
Seagate ST3250620A 250GB,84,471,1.81,30.4,12,42
HGST Travelstar 7K750 2.5" 500GB,83,9900,5.01,41.6,20,59
WD Black 2.5" 500GB (2010),80,4500,5.44,43.5,21,58
Hitachi HDS723020BLA642 2TB,80,29000,32.9,65.7,40,85
WD Purple 3TB (2014),80,6600,49.6,66.1,40,85
Seagate Barracuda 7200.14 3TB,80,235000,66.2,88.3,56,113
Maxtor STM3500630AS 500GB,80,1400,4.34,34.7,22,43
Samsung HN-M500MBB 500GB,80,4300,5.12,41,15,60
WD Re 4TB (2012),80,4200,78.1,78.1,53,96
Seagate Barracuda 3TB (2017),80,26000,48.6,64.8,39,85
WD Blue 250GB (2008),80,11000,2.75,44,26,61
Seagate FireCuda SSHD 2TB (2016),79,133000,42.5,84.5,53,110
Seagate Video SV35.6 Series 3TB,79,6300,68.8,90.5,58,114
Seagate FireCuda 2.5" 2TB,79,71000,23.3,45.9,23,68
Seagate ST500NM0011 500GB,79,1900,8.25,65,42,84
Seagate Barracuda 8TB (2017),78,42000,142,69,39,90
Toshiba DT01ACA300 3TB,78,85000,65.4,84.7,51,107
Seagate SkyHawk 2TB (2016),75,9100,42.3,79.4,52,99
Seagate Barracuda 4TB (2017),75,179000,71.8,67.3,40,90
Seagate Cheetah 15K.7 SAS 300GB,72,1000,7.01,84.1,54,111
Seagate ST3250820A 250GB,71,615,2.12,30.3,11,42
WD Red 1TB (2012),71,37000,18.8,66.7,43,87
WD Green 1TB (2009),71,103000,11.9,41.9,23,57
WD Green 1.5TB (2010),70,41000,19.1,44.6,26,63
WD VelociRaptor 500GB,70,8100,12.8,89.4,61,113
WD Purple Surveillance 2TB (2017),70,11000,41.4,71.9,41,104
Samsung HD642JJ 640GB,69,13000,8.86,48,31,63
Seagate ST310005 1TB,69,16,13.1,45.1,31,63
WD Blue 2TB (2015),69,253000,37.6,64.8,40,84
WD Blue 1TB (2010),68,55000,16.7,56.9,35,74
WD Black 2TB (2013),68,144000,52.1,88.5,60,112
WD Purple 2TB (2014),67,19000,39.5,66.2,39,86
Seagate ST3802110A 80GB,67,737,0.61,25.6,10,38
WD Re 1TB (2013),65,3700,18.6,60.7,37,77
WD Re 3TB (2012),65,2100,74.2,80.4,53,96
Seagate ST3160815A 160GB,65,702,1.36,27.7,8,41
WD Green 500GB (2009),65,63000,6.24,40.5,20,54
WD Purple Surveillance 500GB (2017),64,16,7.67,49.3,28,65
WD Green 1TB (2011),64,143000,20,64,38,85
WD Blue 3TB (2015),64,75000,66.7,70.6,46,96
Seagate ST3160812AS 160GB,63,10000,1.52,30.1,15,40
Seagate Constellation ES.3 2TB,62,5000,54.6,84.2,56,104
WD Purple 1TB (2014),62,18000,21.2,65.4,44,85
WD Black 2.5" 750GB (2013),60,16000,13.5,54.1,28,71
WD Purple 4TB (2014),60,8400,94.8,71.1,39,100
WD Purple Surveillance 4TB (2017),60,8800,112,84.3,52,113
Seagate ST3250312AS 250GB,59,19000,4.19,49.5,15,69
Toshiba MK6475GSX 640GB,59,9400,6.91,31.8,11,45
WD Green 3TB (2011),59,112000,63.4,62.3,40,83
Seagate Desktop HDD 4TB (2013),58,67000,106,76.9,46,96
WD Black 1TB (2010),58,257000,19.6,56.8,35,76
Seagate ST3250820AS 250GB,58,16000,2.93,33.8,18,44
Hitachi Deskstar 7K3000 3TB,58,6300,71.3,68.3,40,87
WD Black 1TB (2013),57,240000,28.6,82.3,50,108
WD Blue 320GB (2008),57,64000,5.03,44.7,23,60
Seagate FireCuda 2.5" 1TB,56,127000,16.4,45.8,20,70
Seagate Momentus XT 7200 RPM 2.5" 750GB,55,8300,13.2,48.4,25,63
WD Black 2.5" 250GB (2010),55,8500,3.35,36.9,18,52
WD Black 2.5" 500GB (2013),55,4600,8.99,49.5,29,65
WD Blue 2.5" 750GB (2010),55,30000,10.7,39.3,19,54
WD Black 2.5" 320GB (2013),55,4000,4.79,41.2,19,59
WD Gold 1TB (2016),55,2800,30.9,84.9,57,109
Seagate Barracuda 7200.12 320GB,54,6700,5.29,44.6,19,59
Seagate ST2000NM0011 2TB,54,4000,51.3,69.2,45,86
Seagate ST31000524NS 1TB,54,5500,22.7,61.3,39,75
WD Red 3TB (2012),54,68000,74.8,67.3,42,88
Toshiba MK5065GSX 500GB,52,4100,5.76,30.2,13,42
Toshiba P300 2TB,52,100000,67.6,87.9,58,108
WD Green 1.5TB (2011),51,6500,27.9,47.5,27,65
WD RE4 1TB (2010),51,23000,23.3,59.5,36,76
Seagate ST9160823AS 160GB,51,538,1.53,24.3,12,32
Toshiba DT01ACA200 2TB,51,344000,67.5,85.7,49,108
WD Green 2TB (2012),50,170000,50.9,63.6,40,84
WD Blue 1TB (2015),50,52000,27,67.4,45,87
Seagate Barracuda 2TB (2018),50,695000,69.5,86.9,53,106
Seagate Barracuda 7200.14 2TB,50,815000,70.6,88.2,51,114
Seagate Barracuda 2TB (2016),50,462000,73.3,91.6,63,114
WD Black 2.5" 160GB (2010),50,2100,2.17,33.9,14,51
Toshiba MK2552GSX 250GB,49,2300,2.39,23.4,11,31
Seagate ST3160815AS 160GB,49,33000,1.95,29.9,11,42
Hitachi HDT721010SLA360 1TB,49,27000,19.5,47.6,31,61
Fujitsu MHY2160BH 160GB,48,1000,1.27,19.2,8,27
WD Purple Surveillance 1TB (2017),48,9400,28.7,68.3,39,89
WD Black 500GB (2012),47,20000,16.2,76,43,105
Fujitsu MHY2200BH 200GB,46,859,1.64,19,7,27
Seagate ST3160215A 160GB,46,844,1.84,26.4,7,40
WD Green 2TB (2011),46,212000,44.3,50.9,31,67
Seagate Momentus Thin 7200 2.5" 250GB,45,1300,4.49,40.4,13,58
WD Blue 2.5" 320GB (2009),45,42000,4.09,28.7,15,41
WD RE4 250GB (2010),44,1300,6.6,58.5,28,79
Seagate ST3160318AS 160GB,43,15000,3.04,40.8,14,58
WD Blue 250GB (2010),43,50000,5.83,50.1,21,70
WD Blue 80GB (2007),42,3400,1.32,35.1,16,49
WD Black 2.5" 320GB (2010),42,23000,6.22,40.8,21,60
Seagate Barracuda 7200.12 500GB,42,203000,12.8,53.8,28,70
Seagate Momentus 2.5" 500GB,42,47000,10.1,42.3,18,58
Seagate Laptop SSHD 2.5" (32GB NAND) 1TB,41,561,25.6,52.6,33,66
Seagate Laptop SSHD 2.5" 1TB,41,64000,23.6,48.5,19,65
Samsung HM321HI 320GB,40,12000,5.58,34.9,11,50
Seagate ST3320620NS 320GB,40,953,5.55,34.7,22,44
WD Se 2TB (2013),40,2100,74.9,74.8,50,93
Samsung HN-M101MBB 1TB,39,3400,21.5,41.9,13,59
Samsung HN-M101M 1TB,39,43,20.9,40.7,21,56
WD WD20EURX 2TB,38,12000,69.4,66.3,39,86
Seagate Barracuda 7200.14 250GB,38,32000,7.16,54.3,18,74
Seagate ST380815AS 80GB,37,16000,1.27,29.5,12,42
WD Blue 2.5" 1TB (2013),36,57000,24.8,44.7,21,63
WD VelociRaptor 250GB,35,3000,12.9,90,62,111
Seagate Momentus XT SSHD 2.5" 500GB,35,11000,12.9,45.1,28,58
WD Blue 2.5" 500GB (2010),35,32000,10,35.1,17,50
Seagate Barracuda 1TB (2016),35,1100000,52.8,92.3,60,113
WD Blue 2.5" 1TB (2004),35,218000,25.8,45,23,62
Seagate ST9320325AS 320GB,34,18000,5.28,28.1,10,39
WD Re 2TB,34,16000,78.5,66.7,42,83
Toshiba MQ01ABD100 1TB,34,322000,27.5,46.7,23,62
WD Blue 2.5" 500GB,34,80000,12.7,42.9,17,61
WD RE4 500GB (2010),33,12000,17.9,59.8,37,76
WD Blue 2.5" 250GB (2010),33,2800,4.27,28.2,12,41
WD Blue 640GB (2008),33,94000,19.3,49.6,31,62
Hitachi HUA721010KLA330 1TB,33,10000,23.1,37.6,23,46
Toshiba P300 1TB,32,318000,51.8,84.1,52,107
Fujitsu MHW2120BH 120GB,32,1200,1.38,18.4,7,33
Seagate Momentus 5400.6 2.5" 500GB,32,83000,9.78,31.3,9,43
Fujitsu MHY2250BH 250GB,31,1100,3.38,21,8,30
Samsung HM250HJ 250GB,30,462,7.65,45.9,21,60
Toshiba DT01ACA100 1TB,30,763000,56,84,47,107
Toshiba MK1652GSX 160GB,30,2100,2.69,25.2,12,34
Seagate Barracuda 7200.14 320GB,29,3400,11,49.9,26,65
Seagate Momentus Thin 7200 2.5" 320GB,29,12000,9.65,43.7,14,64
WD Blue 2.5" 80GB (2009),28,384,1.53,26.8,14,36
Seagate Barracuda 7200.14 1TB,27,1500000,66.1,89.2,55,112
Toshiba MK2576GSX 250GB,26,866,5.65,29.4,11,42
WD WD10EURX 1TB,26,53000,49.4,64.2,34,87
WD Re 2TB (2012),25,5800,116,73.7,50,90
WD Blue 250GB (2007),25,41000,7.86,39.3,21,55
Seagate Barracuda 500GB (2016),25,16000,32.4,80.9,35,114
Seagate ST3120026AS 120GB,24,2200,2.37,24.2,12,31
WD Blue 1TB (2012),24,3100000,69,83.4,52,109
Seagate Barracuda 7200.12 500GB,23,107000,23.3,54.5,28,70
Seagate Constellation ES.3 1TB,23,9300,72.8,83.7,56,103
WD Blue 2.5" 160GB (2009),22,13000,3.79,26.5,14,36
Seagate Momentus Thin 5400.9 2.5" 500GB,21,168000,20,41.8,11,61
Seagate ST3500312CS 500GB,20,89000,23.1,46.2,23,60
Toshiba MQ01ACF032 320GB,20,3800,16.1,50.4,26,67
Seagate Barracuda 7200.14 500GB,19,574000,30.3,58.4,27,88
WD Blue 2.5" 320GB (2010),18,39000,11.5,32.7,15,47
Seagate Laptop Thin SSHD 2.5" 500GB,12,34000,38.1,45.7,18,64
Toshiba DT01ACA050 500GB,12,163000,62.7,75.1,29,103
Toshiba MK3276GSX 320GB,10,4500,20.1,31.4,12,47
